variable,count,mean,std,min,25%,50%,75%,max,original
dummy1,1000.0,0.00032528924910381644,0.009613943485083253,-0.0287436867219019,-0.006197741074105575,0.00047173484805535003,0.006840450842052025,0.0246580495758124,-0.0031497949934404
dummy2,1000.0,-0.0004751372409300139,0.010064878938520466,-0.0306467836620498,-0.007545501712172576,-0.00078448418884665,0.006697095864676125,0.029103930396932,0.0092094286304824
x1,1000.0,-0.051992823343472466,3.031511115448453,-9.13807869951198,-2.093124132834137,-0.09562188109429445,1.9532279848664205,28.203921599116445,28.203921599116445
x2,1000.0,-0.002934739545002522,7.999903309918068,-23.902419737791156,-5.369035100235109,-0.3695520242740786,5.128167615955409,75.0510361255582,75.0510361255582
x3,1000.0,0.03521262661073028,1.859237389255838,-5.025753524870881,-1.1464103683340787,0.005465471522272751,1.293978383480942,17.755649877188414,17.755649877188414
